{
	"info": {
		"_postman_id": "a47adf5a-cc7b-46b4-96de-a43dfc6b0774",
		"name": "p10 wse",
		"schema": "https://schema.getpostman.com/json/collection/v2.1.0/collection.json",
		"_exporter_id": "48864211",
		"_collection_link": "https://rizal76kurniawan-2900615.postman.co/workspace/Rizal-Kurniawan's-Workspace~8f892fe0-2ddd-421e-8943-e4a6080b01a6/collection/48864211-a47adf5a-cc7b-46b4-96de-a43dfc6b0774?action=share&source=collection_link&creator=48864211"
	},
	"item": [
		{
			"name": "New Request",
			"request": {
				"method": "GET",
				"header": []
			},
			"response": []
		},
		{
			"name": "New Request",
			"request": {
				"method": "GET",
				"header": []
			},
			"response": []
		},
		{
			"name": "New Request",
			"request": {
				"method": "GET",
				"header": []
			},
			"response": []
		},
		{
			"name": "New Request",
			"request": {
				"method": "GET",
				"header": []
			},
			"response": []
		},
		{
			"name": "New Request",
			"request": {
				"method": "PUT",
				"header": [
					{
						"key": "Authorization",
						"value": "Bearer eyJhbGciOiJIUzI1NiIsInR5cCI6IkpXVCJ9.eyJpZCI6IjY5NjNmYzlkOGM4YmJlZWE2NTVkYzg0ZCIsInJvbGUiOiJhZG1pbiIsImlhdCI6MTc2ODE2MDkxMiwiZXhwIjoxNzY4MTY0NTEyfQ.W297MfXO-e09vY5F2ZOZ-BPyxoCpgwPA9Ug1anGa13M ",
						"type": "text"
					}
				],
				"url": {
					"raw": "http://localhost:3000/api/v1/products/private/6963ff5fc56bac869e9f84ea",
					"protocol": "http",
					"host": [
						"localhost"
					],
					"port": "3000",
					"path": [
						"api",
						"v1",
						"products",
						"private",
						"6963ff5fc56bac869e9f84ea"
					]
				}
			},
			"response": []
		}
	]
}