{
	"info": {
		"_postman_id": "60a8d612-1449-4019-a2d0-5ebd188564ea",
		"name": "p8",
		"schema": "https://schema.getpostman.com/json/collection/v2.1.0/collection.json",
		"_exporter_id": "48864211",
		"_collection_link": "https://rizal76kurniawan-2900615.postman.co/workspace/Rizal-Kurniawan's-Workspace~8f892fe0-2ddd-421e-8943-e4a6080b01a6/collection/48864211-60a8d612-1449-4019-a2d0-5ebd188564ea?action=share&source=collection_link&creator=48864211"
	},
	"item": [
		{
			"name": "New Request",
			"request": {
				"method": "GET",
				"header": []
			},
			"response": []
		},
		{
			"name": "New Request",
			"request": {
				"method": "GET",
				"header": []
			},
			"response": []
		},
		{
			"name": "New Request",
			"request": {
				"method": "GET",
				"header": []
			},
			"response": []
		},
		{
			"name": "New Request",
			"request": {
				"method": "GET",
				"header": []
			},
			"response": []
		},
		{
			"name": "New Request",
			"request": {
				"method": "GET",
				"header": []
			},
			"response": []
		},
		{
			"name": "New Request",
			"request": {
				"method": "GET",
				"header": []
			},
			"response": []
		}
	]
}