{
	"info": {
		"_postman_id": "30faacb8-edb1-40d5-afd6-37b2799c4acd",
		"name": "p3",
		"schema": "https://schema.getpostman.com/json/collection/v2.1.0/collection.json",
		"_exporter_id": "48864211",
		"_collection_link": "https://rizal76kurniawan-2900615.postman.co/workspace/Rizal-Kurniawan's-Workspace~8f892fe0-2ddd-421e-8943-e4a6080b01a6/collection/48864211-30faacb8-edb1-40d5-afd6-37b2799c4acd?action=share&source=collection_link&creator=48864211"
	},
	"item": [
		{
			"name": "New Request",
			"request": {
				"method": "GET",
				"header": []
			},
			"response": []
		},
		{
			"name": "New Request",
			"request": {
				"method": "POST",
				"header": [],
				"body": {
					"mode": "raw",
					"raw": "{\r\n  \"nim\": \"2310511001\",\r\n  \"nama\": \"Ahmad kusuma\",\r\n  \"prodi\": \"Teknik Informatika\",\r\n  \"angkatan\": 2023\r\n}\r\n",
					"options": {
						"raw": {
							"language": "json"
						}
					}
				},
				"url": {
					"raw": "http://localhost:3001/mahasiswa",
					"protocol": "http",
					"host": [
						"localhost"
					],
					"port": "3001",
					"path": [
						"mahasiswa"
					]
				}
			},
			"response": []
		},
		{
			"name": "New Request",
			"request": {
				"method": "GET",
				"header": []
			},
			"response": []
		},
		{
			"name": "New Request",
			"request": {
				"method": "PUT",
				"header": [],
				"body": {
					"mode": "raw",
					"raw": "{\r\n  \"prodi\": \"Sistem Informasi\",\r\n  \"angkatan\": 2024\r\n}\r\n",
					"options": {
						"raw": {
							"language": "json"
						}
					}
				},
				"url": {
					"raw": "http://localhost:3001/mahasiswa/2310511001",
					"protocol": "http",
					"host": [
						"localhost"
					],
					"port": "3001",
					"path": [
						"mahasiswa",
						"2310511001"
					]
				}
			},
			"response": []
		},
		{
			"name": "New Request",
			"request": {
				"method": "DELETE",
				"header": [],
				"url": {
					"raw": "http://localhost:3001/mahasiswa/2310511001",
					"protocol": "http",
					"host": [
						"localhost"
					],
					"port": "3001",
					"path": [
						"mahasiswa",
						"2310511001"
					]
				}
			},
			"response": []
		}
	]
}